iModulon,Control,KCL,NH4Cl,NH4Cl_wo_C6H11NO7,Glucose,Glycerol,Pectin,ph67,ph74,0.5g_Cysteine,1g_Cysteine,Glutamate,Glutamine,Tyrosine,woCysteine,wo_Glutamate,woGlutamine,woHistidine,woTryptophan,Cyanocobalamin,DMBI+ALA,GTP,pABA,pABA+glutamate+GTP,woThiamine,Glycocholate,SodiumTaurocholate,Taurodeoxycholate,Ciprofloxacin,Piperacillin-tazobactam,Tetracycline,10_Butyrate,50_Butyrate,250_Indole,1000_Indole,Acetate,Uracil,wo_Uracil,woAdenine,Fruit_Juice,Human_Milk,1/4MRS+3/4BHI_37C,1/4MRS+3/4BHI_43C,MRS_30C,MRS_43C,E.coli_CDM,E.coli_MRS,L.lactis_cremoris_JS102,S.thermophilus,FeCl,woFe
FMN,0,-7.248392528,0.019856704,-3.255957801,1.848291457,-0.001531309,-1.470558741,3.766919192,1.47777127,-0.38112106,3.024833112,-3.854411424,2.87712493,2.663488218,-2.871256282,-4.363912941,2.404063437,0.986601247,-3.995538288,3.060684798,2.783725734,0.62756792,-4.384156562,0.726649475,-2.721236022,-1.157981374,-0.420088784,0.361192413,4.254672838,3.015142451,-0.526525934,1.160630166,3.484555011,2.232660433,2.221101354,-0.886206974,3.283621459,-0.284342232,3.726850859,5.294648459,5.225853018,-1.893374417,-6.103813247,-0.545362614,0.081975489,-4.227422288,-0.887443287,4.131565775,0.172685916,0.512245317,1.109305033
FabT,0,3.125440032,1.123903533,0.245871229,0.30170324,0.235214026,-3.561823788,6.367154109,6.756032865,36.29377427,6.215191902,1.896349837,4.116430281,5.852606678,4.879490208,2.472999021,6.151824753,12.50593341,6.092150383,5.80613147,4.113137493,27.96026712,4.225597781,30.67572057,-0.266645906,1.144929165,5.99597857,3.336891663,0.61425217,1.422717955,17.5335906,5.686098113,3.324062965,4.686557835,4.275693143,4.678689996,8.360068786,2.450823833,7.42224106,0.840779388,9.055484653,36.60735664,28.49908613,32.31794412,35.42111328,-3.124434422,36.35550878,13.64528704,35.77663754,6.379069338,4.737162815
